{
    "furniture_list": {
        "tray": {
            "left_bot_corner": [
                11.242634847193287,
                98.79724352647483
            ],
            "top_left_corner": [
                9.70925220199771,
                114.72210463162716
            ],
            "top_right_corner": [
                25.634099075945233,
                116.25548000982454
            ],
            "bottom_right_corner": [
                27.167481796838707,
                100.3306189046722
            ]
        },
        "shampoo2": {
            "left_bot_corner": [
                16.2657632578623,
                131.78460946082384
            ],
            "top_left_corner": [
                20.20666365045181,
                133.66988196001262
            ],
            "top_right_corner": [
                24.18419243910973,
                125.35548646112846
            ],
            "bottom_right_corner": [
                20.243292349311815,
                123.47019458327784
            ]
        },
        "nail_polish": {
            "left_bot_corner": [
                17.266879464330508,
                141.69255108302775
            ],
            "top_left_corner": [
                15.830588759795054,
                144.34446282466052
            ],
            "top_right_corner": [
                18.48247688368366,
                145.78075110686325
            ],
            "bottom_right_corner": [
                19.918768799385482,
                143.12883936523048
            ]
        },
        "duck": {
            "left_bot_corner": [
                17.15569923648713,
                151.0821522573944
            ],
            "top_left_corner": [
                11.636712048088743,
                158.87425406141867
            ],
            "top_right_corner": [
                22.399569984576324,
                166.49737393389137
            ],
            "bottom_right_corner": [
                27.918557437917354,
                158.7052721298671
            ]
        },
        "cotton_bud": {
            "left_bot_corner": [
                15.506359523295949,
                176.34065865074876
            ],
            "top_left_corner": [
                11.1871997625666,
                185.60312611388326
            ],
            "top_right_corner": [
                17.728026213975966,
                188.65316277441067
            ],
            "bottom_right_corner": [
                22.047185974705314,
                179.39069531127615
            ]
        },
        "towel1": {
            "left_bot_corner": [
                27.997993941500177,
                199.4050257426168
            ],
            "top_left_corner": [
                27.997993941500177,
                228.51342306539664
            ],
            "top_right_corner": [
                33.078217340302125,
                228.51342306539664
            ],
            "bottom_right_corner": [
                33.078217340302125,
                199.4050257426168
            ]
        },
        "roller2_blind": {
            "left_bot_corner": [
                10.570083852818755,
                234.2803190528315
            ],
            "top_left_corner": [
                10.570092330983325,
                294.04656125428124
            ],
            "top_right_corner": [
                15.16657891064201,
                294.04656125428124
            ],
            "bottom_right_corner": [
                15.166570432477439,
                234.2803190528315
            ]
        },
        "window2": {
            "left_bot_corner": [
                4.8446654687950286e-06,
                226.73896744414108
            ],
            "top_left_corner": [
                0.0,
                302.53644749277424
            ],
            "top_right_corner": [
                14.202911968247586,
                302.53644749277424
            ],
            "bottom_right_corner": [
                14.202916812913054,
                226.73896744414108
            ]
        },
        "roller1_blind": {
            "left_bot_corner": [
                45.51193075491099,
                341.13643346503704
            ],
            "top_left_corner": [
                45.51193075491099,
                345.73291883352937
            ],
            "top_right_corner": [
                125.47817276946023,
                345.732917622363
            ],
            "bottom_right_corner": [
                125.47817276946023,
                341.1364322538707
            ]
        },
        "window1": {
            "left_bot_corner": [
                37.67058292639641,
                342.1001149414279
            ],
            "top_left_corner": [
                37.67058292639641,
                356.30301479801176
            ],
            "top_right_corner": [
                133.96806143028599,
                356.30301479801176
            ],
            "bottom_right_corner": [
                133.96806143028599,
                342.1001149414279
            ]
        },
        "lamp": {
            "left_bot_corner": [
                202.83261687245832,
                28.869981645729467
            ],
            "top_left_corner": [
                202.3909384109992,
                39.010137773183715
            ],
            "top_right_corner": [
                230.32911647912258,
                40.227078981621275
            ],
            "bottom_right_corner": [
                230.77081431924356,
                30.086922854167028
            ]
        },
        "perfume3": {
            "left_bot_corner": [
                128.5495162687194,
                13.248105918995577
            ],
            "top_left_corner": [
                132.82428435975817,
                29.93699014723876
            ],
            "top_right_corner": [
                184.545429059405,
                16.688884228243182
            ],
            "bottom_right_corner": [
                180.27065127903526,
                0.0
            ]
        },
        "cup": {
            "left_bot_corner": [
                184.81256391335435,
                315.1249752203544
            ],
            "top_left_corner": [
                185.4968826001526,
                320.91299455481635
            ],
            "top_right_corner": [
                191.29634442886865,
                320.22731572818776
            ],
            "bottom_right_corner": [
                190.61200636340854,
                314.4392963937258
            ]
        },
        "toothbrush": {
            "left_bot_corner": [
                186.78536013890235,
                317.5632372148133
            ],
            "top_left_corner": [
                187.2976253762418,
                318.64821094704723
            ],
            "top_right_corner": [
                192.14059521212275,
                316.36165117357905
            ],
            "bottom_right_corner": [
                191.62833966411424,
                315.2766774413451
            ]
        },
        "nivea": {
            "left_bot_corner": [
                198.78344547363946,
                315.0124845105017
            ],
            "top_left_corner": [
                199.84942690606937,
                323.21074489993424
            ],
            "top_right_corner": [
                208.0638866456632,
                322.1426396872794
            ],
            "bottom_right_corner": [
                206.99790521323328,
                313.94437869226374
            ]
        },
        "small_shelf": {
            "left_bot_corner": [
                148.7111535983042,
                310.85916249343467
            ],
            "top_left_corner": [
                148.7111535983042,
                327.85916175154455
            ],